Hello,Hello World!
heelo,Hello World!
sdvnsdi,I'm not sure about that.<br><br>You can try this from my friend Google: <a target='_blank' href='https://www.google.com/search?q=sdvnsdi'>sdvnsdi</a>
1st year fee,I will have to give that some thought.<br><br>You can try this from my friend Google: <a target='_blank' href='https://www.google.com/search?q=1st year fee'>1st year fee</a>
Hello,Hello World!
Hello,Hello World!
Hello,Hello World!
Hello,Hello World!
vgs,I'm not an expert on that.<br><br>You can try this from my friend Google: <a target='_blank' href='https://www.google.com/search?q=vgs'>vgs</a>
Nothing,I think you hit the wrong key...
Nothing,What?
